Event,Probability,Word Order,Eta1,Eta2,I1,I2,Deviation Score
alice eat apple,0.05,SVO,2.183383098229013520688673299448357500,1.48547529722733435783645703471080670,2.427918372302219549743709530136000500,0.697907801001679162852216264737550800,0.289772167733326754498345617270431975
alice eat apple,0.05,SOV,2.183383098229013520688673299448357500,0.0,2.427918372302219549743709530136000500,2.183383098229013520688673299448357500,0.500000000000000000000000000000000025
alice eat apple,0.05,VSO,3.592949440895038325674491665996100580,1.48547529722733435783645703471080670,1.018352029636194744757891163588257420,2.107474143667703967838034631285293880,0.185535577255888408042159594408743825
alice eat apple,0.05,VOS,3.592949440895038325674491665996100580,1.88431352779979892171142357107099489644722964569637419288858132193060,1.018352029636194744757891163588257420,1.70863591309523940396306809492510568355277035430362580711141867806940,0.168742533053620283935316447104380450
alice eat apple,0.05,OVS,1.88431352779979892171142357107099489644722964569637419288858132193060,1.88431352779979892171142357107099489644722964569637419288858132193060,2.72698794273143414872095925851336310355277035430362580711141867806940,0E-68,0.500000000000000000000000000000000025
alice eat apple,0.05,OSV,1.88431352779979892171142357107099489644722964569637419288858132193060,0.0,2.72698794273143414872095925851336310355277035430362580711141867806940,1.88431352779979892171142357107099489644722964569637419288858132193060,0.500000000000000000000000000000000025
alice eat cake,0.03,SVO,2.183383098229013520688673299448357500,1.48547529722733435783645703471080670,2.427918372302219549743709530136000500,0.697907801001679162852216264737550800,0.289772167733326754498345617270431975
alice eat cake,0.03,SOV,2.183383098229013520688673299448357500,0.0,2.427918372302219549743709530136000500,2.183383098229013520688673299448357500,0.500000000000000000000000000000000025
alice eat cake,0.03,VSO,3.592949440895038325674491665996100580,1.48547529722733435783645703471080670,1.018352029636194744757891163588257420,2.107474143667703967838034631285293880,0.185535577255888408042159594408743825
alice eat cake,0.03,VOS,3.592949440895038325674491665996100580,1.75271527897970491565636559224484471361736099091839732325232966440440,1.018352029636194744757891163588257420,1.84023416191533341001812607375125586638263900908160267674767033559560,0.168742533053620283935316447104380375
alice eat cake,0.03,OVS,1.75271527897970491565636559224484471361736099091839732325232966440440,1.75271527897970491565636559224484471361736099091839732325232966440440,2.85858619155152815477601723733951328638263900908160267674767033559560,0E-68,0.500000000000000000000000000000000025
alice eat cake,0.03,OSV,1.75271527897970491565636559224484471361736099091839732325232966440440,0.0,2.85858619155152815477601723733951328638263900908160267674767033559560,1.75271527897970491565636559224484471361736099091839732325232966440440,0.500000000000000000000000000000000025
alice eat rice,0.02,SVO,2.183383098229013520688673299448357500,1.48547529722733435783645703471080670,2.427918372302219549743709530136000500,0.697907801001679162852216264737550800,0.289772167733326754498345617270431975
alice eat rice,0.02,SOV,2.183383098229013520688673299448357500,0.0,2.427918372302219549743709530136000500,2.183383098229013520688673299448357500,0.500000000000000000000000000000000025
alice eat rice,0.02,VSO,3.592949440895038325674491665996100580,1.48547529722733435783645703471080670,1.018352029636194744757891163588257420,2.107474143667703967838034631285293880,0.185535577255888408042159594408743825
alice eat rice,0.02,VOS,3.592949440895038325674491665996100580,1.993961544431619684903672317075026673999641669711445024298368697923840,1.018352029636194744757891163588257420,1.598987896463418640770819348921073906000358330288554975701631302076160,0.168742533053620283935316447104380450
alice eat rice,0.02,OVS,1.993961544431619684903672317075026673999641669711445024298368697923840,1.993961544431619684903672317075026673999641669711445024298368697923840,2.617339926099613385528710512509331326000358330288554975701631302076160,0E-69,0.500000000000000000000000000000000025
alice eat rice,0.02,OSV,1.993961544431619684903672317075026673999641669711445024298368697923840,0.0,2.617339926099613385528710512509331326000358330288554975701631302076160,1.993961544431619684903672317075026673999641669711445024298368697923840,0.500000000000000000000000000000000025
alice drink coffee,0.07,SVO,2.183383098229013520688673299448357500,0.881290899230692748462166404189262930,2.427918372302219549743709530136000500,1.302092198998320772226506895259094570,0.289772167733326754498345617270431975
alice drink coffee,0.07,SOV,2.183383098229013520688673299448357500,0.0,2.427918372302219549743709530136000500,2.183383098229013520688673299448357500,0.500000000000000000000000000000000025
alice drink coffee,0.07,VSO,3.629653500167427662264599658942491980,0.881290899230692748462166404189262930,0.981647970363805408167783170641866020,2.748362600936734913802433254753229050,0.394008758210765030091581375528085300
alice drink coffee,0.07,VOS,3.629653500167427662264599658942491980,1.77832835373141156487748500215834434380745648117249468037952051047710,0.981647970363805408167783170641866020,1.85132514643601609738711465678414763619254351882750531962047948952290,0.180681914865983423668602150294963000
alice drink coffee,0.07,OVS,1.77832835373141156487748500215834434380745648117249468037952051047710,1.77832835373141156487748500215834434380745648117249468037952051047710,2.83297311679982150555489782742601365619254351882750531962047948952290,0E-68,0.500000000000000000000000000000000025
alice drink coffee,0.07,OSV,1.77832835373141156487748500215834434380745648117249468037952051047710,0.0,2.83297311679982150555489782742601365619254351882750531962047948952290,1.77832835373141156487748500215834434380745648117249468037952051047710,0.500000000000000000000000000000000025
alice drink cola,0.03,SVO,2.183383098229013520688673299448357500,0.881290899230692748462166404189262930,2.427918372302219549743709530136000500,1.302092198998320772226506895259094570,0.289772167733326754498345617270431975
alice drink cola,0.03,SOV,2.183383098229013520688673299448357500,0.0,2.427918372302219549743709530136000500,2.183383098229013520688673299448357500,0.500000000000000000000000000000000025
alice drink cola,0.03,VSO,3.629653500167427662264599658942491980,0.881290899230692748462166404189262930,0.981647970363805408167783170641866020,2.748362600936734913802433254753229050,0.394008758210765030091581375528085300
alice drink cola,0.03,VOS,3.629653500167427662264599658942491980,2.125814583693911513168777434712478256601499971153745613164471889668400,0.981647970363805408167783170641866020,1.503838916473516149095822224230013723398500028846254386835528110331600,0.191501498203612093410554751724354500
alice drink cola,0.03,OVS,2.125814583693911513168777434712478256601499971153745613164471889668400,2.125814583693911513168777434712478256601499971153745613164471889668400,2.485486886837321557263605394871879743398500028846254386835528110331600,0E-69,0.500000000000000000000000000000000025
alice drink cola,0.03,OSV,2.125814583693911513168777434712478256601499971153745613164471889668400,0.0,2.485486886837321557263605394871879743398500028846254386835528110331600,2.125814583693911513168777434712478256601499971153745613164471889668400,0.500000000000000000000000000000000025
bob eat apple,0.02,SVO,2.72192809488736221408253799550463280,1.52192809488736227179033963106317000,1.889373375643870856349844834079725200,1.19999999999999994229219836444146280,0.114590063472756579076774549197963075
bob eat apple,0.02,SOV,2.72192809488736221408253799550463280,0.0,1.889373375643870856349844834079725200,2.72192809488736221408253799550463280,0.500000000000000000000000000000000025
bob eat apple,0.02,VSO,3.592949440895038325674491665996100580,1.52192809488736227179033963106317000,1.018352029636194744757891163588257420,2.071021346007676053884152034932930580,0.173677927774614589831185881485399725
bob eat apple,0.02,VOS,3.592949440895038325674491665996100580,1.88431352779979892171142357107099489644722964569637419288858132193060,1.018352029636194744757891163588257420,1.70863591309523940396306809492510568355277035430362580711141867806940,0.168742533053620283935316447104380450
bob eat apple,0.02,OVS,1.88431352779979892171142357107099489644722964569637419288858132193060,1.88431352779979892171142357107099489644722964569637419288858132193060,2.72698794273143414872095925851336310355277035430362580711141867806940,0E-68,0.500000000000000000000000000000000025
bob eat apple,0.02,OSV,1.88431352779979892171142357107099489644722964569637419288858132193060,0.0,2.72698794273143414872095925851336310355277035430362580711141867806940,1.88431352779979892171142357107099489644722964569637419288858132193060,0.500000000000000000000000000000000025
bob eat cake,0.04,SVO,2.72192809488736221408253799550463280,1.52192809488736227179033963106317000,1.889373375643870856349844834079725200,1.19999999999999994229219836444146280,0.114590063472756579076774549197963075
bob eat cake,0.04,SOV,2.72192809488736221408253799550463280,0.0,1.889373375643870856349844834079725200,2.72192809488736221408253799550463280,0.500000000000000000000000000000000025
bob eat cake,0.04,VSO,3.592949440895038325674491665996100580,1.52192809488736227179033963106317000,1.018352029636194744757891163588257420,2.071021346007676053884152034932930580,0.173677927774614589831185881485399725
bob eat cake,0.04,VOS,3.592949440895038325674491665996100580,1.75271527897970491565636559224484471361736099091839732325232966440440,1.018352029636194744757891163588257420,1.84023416191533341001812607375125586638263900908160267674767033559560,0.168742533053620283935316447104380375
bob eat cake,0.04,OVS,1.75271527897970491565636559224484471361736099091839732325232966440440,1.75271527897970491565636559224484471361736099091839732325232966440440,2.85858619155152815477601723733951328638263900908160267674767033559560,0E-68,0.500000000000000000000000000000000025
bob eat cake,0.04,OSV,1.75271527897970491565636559224484471361736099091839732325232966440440,0.0,2.85858619155152815477601723733951328638263900908160267674767033559560,1.75271527897970491565636559224484471361736099091839732325232966440440,0.500000000000000000000000000000000025
bob eat rice,0.04,SVO,2.72192809488736221408253799550463280,1.52192809488736227179033963106317000,1.889373375643870856349844834079725200,1.19999999999999994229219836444146280,0.114590063472756579076774549197963075
bob eat rice,0.04,SOV,2.72192809488736221408253799550463280,0.0,1.889373375643870856349844834079725200,2.72192809488736221408253799550463280,0.500000000000000000000000000000000025
bob eat rice,0.04,VSO,3.592949440895038325674491665996100580,1.52192809488736227179033963106317000,1.018352029636194744757891163588257420,2.071021346007676053884152034932930580,0.173677927774614589831185881485399725
bob eat rice,0.04,VOS,3.592949440895038325674491665996100580,1.993961544431619684903672317075026673999641669711445024298368697923840,1.018352029636194744757891163588257420,1.598987896463418640770819348921073906000358330288554975701631302076160,0.168742533053620283935316447104380450
bob eat rice,0.04,OVS,1.993961544431619684903672317075026673999641669711445024298368697923840,1.993961544431619684903672317075026673999641669711445024298368697923840,2.617339926099613385528710512509331326000358330288554975701631302076160,0E-69,0.500000000000000000000000000000000025
bob eat rice,0.04,OSV,1.993961544431619684903672317075026673999641669711445024298368697923840,0.0,2.617339926099613385528710512509331326000358330288554975701631302076160,1.993961544431619684903672317075026673999641669711445024298368697923840,0.500000000000000000000000000000000025
bob drink coffee,0.02,SVO,2.72192809488736221408253799550463280,1.92192809488736227179033963106317000,1.889373375643870856349844834079725200,0.79999999999999994229219836444146280,0.239769779167841521711150894611210675
bob drink coffee,0.02,SOV,2.72192809488736221408253799550463280,0.0,1.889373375643870856349844834079725200,2.72192809488736221408253799550463280,0.500000000000000000000000000000000025
bob drink coffee,0.02,VSO,3.629653500167427662264599658942491980,1.92192809488736227179033963106317000,0.981647970363805408167783170641866020,1.707725405280065390474260027879321980,0.180681914865983423668602150294963075
bob drink coffee,0.02,VOS,3.629653500167427662264599658942491980,1.77832835373141156487748500215834434380745648117249468037952051047710,0.981647970363805408167783170641866020,1.85132514643601609738711465678414763619254351882750531962047948952290,0.180681914865983423668602150294963000
bob drink coffee,0.02,OVS,1.77832835373141156487748500215834434380745648117249468037952051047710,1.77832835373141156487748500215834434380745648117249468037952051047710,2.83297311679982150555489782742601365619254351882750531962047948952290,0E-68,0.500000000000000000000000000000000025
bob drink coffee,0.02,OSV,1.77832835373141156487748500215834434380745648117249468037952051047710,0.0,2.83297311679982150555489782742601365619254351882750531962047948952290,1.77832835373141156487748500215834434380745648117249468037952051047710,0.500000000000000000000000000000000025
bob drink cola,0.04,SVO,2.72192809488736221408253799550463280,1.92192809488736227179033963106317000,1.889373375643870856349844834079725200,0.79999999999999994229219836444146280,0.239769779167841521711150894611210675
bob drink cola,0.04,SOV,2.72192809488736221408253799550463280,0.0,1.889373375643870856349844834079725200,2.72192809488736221408253799550463280,0.500000000000000000000000000000000025
bob drink cola,0.04,VSO,3.629653500167427662264599658942491980,1.92192809488736227179033963106317000,0.981647970363805408167783170641866020,1.707725405280065390474260027879321980,0.180681914865983423668602150294963075
bob drink cola,0.04,VOS,3.629653500167427662264599658942491980,2.125814583693911513168777434712478256601499971153745613164471889668400,0.981647970363805408167783170641866020,1.503838916473516149095822224230013723398500028846254386835528110331600,0.191501498203612093410554751724354500
bob drink cola,0.04,OVS,2.125814583693911513168777434712478256601499971153745613164471889668400,2.125814583693911513168777434712478256601499971153745613164471889668400,2.485486886837321557263605394871879743398500028846254386835528110331600,0E-69,0.500000000000000000000000000000000025
bob drink cola,0.04,OSV,2.125814583693911513168777434712478256601499971153745613164471889668400,0.0,2.485486886837321557263605394871879743398500028846254386835528110331600,2.125814583693911513168777434712478256601499971153745613164471889668400,0.500000000000000000000000000000000025
bob drink juice,0.02,SVO,2.72192809488736221408253799550463280,1.92192809488736227179033963106317000,1.889373375643870856349844834079725200,0.79999999999999994229219836444146280,0.239769779167841521711150894611210675
bob drink juice,0.02,SOV,2.72192809488736221408253799550463280,0.0,1.889373375643870856349844834079725200,2.72192809488736221408253799550463280,0.500000000000000000000000000000000025
bob drink juice,0.02,VSO,3.629653500167427662264599658942491980,1.92192809488736227179033963106317000,0.981647970363805408167783170641866020,1.707725405280065390474260027879321980,0.180681914865983423668602150294963075
bob drink juice,0.02,VOS,3.629653500167427662264599658942491980,1.287054028118727030107589787075663707953527847930520994303388845480840,0.981647970363805408167783170641866020,2.342599472048700632157009871866828272046472152069479005696611154519160,0.262018972415664090118881847390381650
bob drink juice,0.02,OVS,1.287054028118727030107589787075663707953527847930520994303388845480840,1.287054028118727030107589787075663707953527847930520994303388845480840,3.324247442412506040324793042508694292046472152069479005696611154519160,0E-69,0.581337057549680666450279697095418675
bob drink juice,0.02,OSV,1.287054028118727030107589787075663707953527847930520994303388845480840,0.0,3.324247442412506040324793042508694292046472152069479005696611154519160,1.287054028118727030107589787075663707953527847930520994303388845480840,0.581337057549680666450279697095418675
bob drink water,0.02,SVO,2.72192809488736221408253799550463280,1.92192809488736227179033963106317000,1.889373375643870856349844834079725200,0.79999999999999994229219836444146280,0.239769779167841521711150894611210675
bob drink water,0.02,SOV,2.72192809488736221408253799550463280,0.0,1.889373375643870856349844834079725200,2.72192809488736221408253799550463280,0.500000000000000000000000000000000025
bob drink water,0.02,VSO,3.629653500167427662264599658942491980,1.92192809488736227179033963106317000,0.981647970363805408167783170641866020,1.707725405280065390474260027879321980,0.180681914865983423668602150294963075
bob drink water,0.02,VOS,3.629653500167427662264599658942491980,1.370950594454668629111211616083807540,0.981647970363805408167783170641866020,2.258702905712759033153388042858684440,0.234728444934836694160735245380373825
bob drink water,0.02,OVS,1.370950594454668629111211616083807540,1.370950594454668629111211616083807540,3.240350876076564441321171213500550460,0E-36,0.554046530068853270492133095085410775
bob drink water,0.02,OSV,1.370950594454668629111211616083807540,0.0,3.240350876076564441321171213500550460,1.370950594454668629111211616083807540,0.554046530068853270492133095085410775
eve eat bread,0.01,SVO,1.882228718913801568548826392914787450,0.468995593589281173514940761227398240,2.729072751617431501883556436669570550,1.413233125324520395033885631687389210,0.387734006025538293655987863100901100
eve eat bread,0.01,SOV,1.882228718913801568548826392914787450,0.0,2.729072751617431501883556436669570550,1.882228718913801568548826392914787450,0.500000000000000000000000000000000025
eve eat bread,0.01,VSO,3.592949440895038325674491665996100580,0.468995593589281173514940761227398240,1.018352029636194744757891163588257420,3.123953847305757152159550904768702340,0.516183999442310411791690773179219925
eve eat bread,0.01,VOS,3.592949440895038325674491665996100580,0.721928094887362271790339631063170080,1.018352029636194744757891163588257420,2.871021346007676053884152034932930500,0.433908148606773086891677441073933325
eve eat bread,0.01,OVS,0.721928094887362271790339631063170080,0.721928094887362271790339631063170080,3.889373375643870798642043198521187920,0E-36,0.765165615553152802956360993969552975
eve eat bread,0.01,OSV,0.721928094887362271790339631063170080,0.0,3.889373375643870798642043198521187920,0.721928094887362271790339631063170080,0.765165615553152802956360993969552975
eve eat rice,0.09,SVO,1.882228718913801568548826392914787450,0.468995593589281173514940761227398240,2.729072751617431501883556436669570550,1.413233125324520395033885631687389210,0.387734006025538293655987863100901100
eve eat rice,0.09,SOV,1.882228718913801568548826392914787450,0.0,2.729072751617431501883556436669570550,1.882228718913801568548826392914787450,0.500000000000000000000000000000000025
eve eat rice,0.09,VSO,3.592949440895038325674491665996100580,0.468995593589281173514940761227398240,1.018352029636194744757891163588257420,3.123953847305757152159550904768702340,0.516183999442310411791690773179219925
eve eat rice,0.09,VOS,3.592949440895038325674491665996100580,1.993961544431619684903672317075026673999641669711445024298368697923840,1.018352029636194744757891163588257420,1.598987896463418640770819348921073906000358330288554975701631302076160,0.168742533053620283935316447104380450
eve eat rice,0.09,OVS,1.993961544431619684903672317075026673999641669711445024298368697923840,1.993961544431619684903672317075026673999641669711445024298368697923840,2.617339926099613385528710512509331326000358330288554975701631302076160,0E-69,0.500000000000000000000000000000000025
eve eat rice,0.09,OSV,1.993961544431619684903672317075026673999641669711445024298368697923840,0.0,2.617339926099613385528710512509331326000358330288554975701631302076160,1.993961544431619684903672317075026673999641669711445024298368697923840,0.500000000000000000000000000000000025
eve drink coffee,0.03,SVO,1.882228718913801568548826392914787450,1.295461844238321836625548426373394940,2.729072751617431501883556436669570550,0.586766874675479731923277966541392510,0.387734006025538293655987863100901025
eve drink coffee,0.03,SOV,1.882228718913801568548826392914787450,0.0,2.729072751617431501883556436669570550,1.882228718913801568548826392914787450,0.500000000000000000000000000000000025
eve drink coffee,0.03,VSO,3.629653500167427662264599658942491980,1.295461844238321836625548426373394940,0.981647970363805408167783170641866020,2.334191655929105825639051232569097040,0.259284012608766167073045848632697325
eve drink coffee,0.03,VOS,3.629653500167427662264599658942491980,1.77832835373141156487748500215834434380745648117249468037952051047710,0.981647970363805408167783170641866020,1.85132514643601609738711465678414763619254351882750531962047948952290,0.180681914865983423668602150294963000
eve drink coffee,0.03,OVS,1.77832835373141156487748500215834434380745648117249468037952051047710,1.77832835373141156487748500215834434380745648117249468037952051047710,2.83297311679982150555489782742601365619254351882750531962047948952290,0E-68,0.500000000000000000000000000000000025
eve drink coffee,0.03,OSV,1.77832835373141156487748500215834434380745648117249468037952051047710,0.0,2.83297311679982150555489782742601365619254351882750531962047948952290,1.77832835373141156487748500215834434380745648117249468037952051047710,0.500000000000000000000000000000000025
eve drink cola,0.01,SVO,1.882228718913801568548826392914787450,1.295461844238321836625548426373394940,2.729072751617431501883556436669570550,0.586766874675479731923277966541392510,0.387734006025538293655987863100901025
eve drink cola,0.01,SOV,1.882228718913801568548826392914787450,0.0,2.729072751617431501883556436669570550,1.882228718913801568548826392914787450,0.500000000000000000000000000000000025
eve drink cola,0.01,VSO,3.629653500167427662264599658942491980,1.295461844238321836625548426373394940,0.981647970363805408167783170641866020,2.334191655929105825639051232569097040,0.259284012608766167073045848632697325
eve drink cola,0.01,VOS,3.629653500167427662264599658942491980,2.125814583693911513168777434712478256601499971153745613164471889668400,0.981647970363805408167783170641866020,1.503838916473516149095822224230013723398500028846254386835528110331600,0.191501498203612093410554751724354500
eve drink cola,0.01,OVS,2.125814583693911513168777434712478256601499971153745613164471889668400,2.125814583693911513168777434712478256601499971153745613164471889668400,2.485486886837321557263605394871879743398500028846254386835528110331600,0E-69,0.500000000000000000000000000000000025
eve drink cola,0.01,OSV,2.125814583693911513168777434712478256601499971153745613164471889668400,0.0,2.485486886837321557263605394871879743398500028846254386835528110331600,2.125814583693911513168777434712478256601499971153745613164471889668400,0.500000000000000000000000000000000025
eve drink water,0.06,SVO,1.882228718913801568548826392914787450,1.295461844238321836625548426373394940,2.729072751617431501883556436669570550,0.586766874675479731923277966541392510,0.387734006025538293655987863100901025
eve drink water,0.06,SOV,1.882228718913801568548826392914787450,0.0,2.729072751617431501883556436669570550,1.882228718913801568548826392914787450,0.500000000000000000000000000000000025
eve drink water,0.06,VSO,3.629653500167427662264599658942491980,1.295461844238321836625548426373394940,0.981647970363805408167783170641866020,2.334191655929105825639051232569097040,0.259284012608766167073045848632697325
eve drink water,0.06,VOS,3.629653500167427662264599658942491980,1.370950594454668629111211616083807540,0.981647970363805408167783170641866020,2.258702905712759033153388042858684440,0.234728444934836694160735245380373825
eve drink water,0.06,OVS,1.370950594454668629111211616083807540,1.370950594454668629111211616083807540,3.240350876076564441321171213500550460,0E-36,0.554046530068853270492133095085410775
eve drink water,0.06,OSV,1.370950594454668629111211616083807540,0.0,3.240350876076564441321171213500550460,1.370950594454668629111211616083807540,0.554046530068853270492133095085410775
mallory eat apple,0.04,SVO,2.095461844238321764490796381925223500,1.72192809488736224293643881328390140,2.515839626292911305941586447659134500,0.373533749350959521554357568641322100,0.3784940373976695787919374349151230100
mallory eat apple,0.04,SOV,2.095461844238321764490796381925223500,0.0,2.515839626292911305941586447659134500,2.095461844238321764490796381925223500,0.500000000000000000000000000000000025
mallory eat apple,0.04,VSO,3.592949440895038325674491665996100580,1.72192809488736224293643881328390140,1.018352029636194744757891163588257420,1.871021346007676082738052852712199180,0.168742533053620283935316447104380375
mallory eat apple,0.04,VOS,3.592949440895038325674491665996100580,1.88431352779979892171142357107099489644722964569637419288858132193060,1.018352029636194744757891163588257420,1.70863591309523940396306809492510568355277035430362580711141867806940,0.168742533053620283935316447104380450
mallory eat apple,0.04,OVS,1.88431352779979892171142357107099489644722964569637419288858132193060,1.88431352779979892171142357107099489644722964569637419288858132193060,2.72698794273143414872095925851336310355277035430362580711141867806940,0E-68,0.500000000000000000000000000000000025
mallory eat apple,0.04,OSV,1.88431352779979892171142357107099489644722964569637419288858132193060,0.0,2.72698794273143414872095925851336310355277035430362580711141867806940,1.88431352779979892171142357107099489644722964569637419288858132193060,0.500000000000000000000000000000000025
mallory eat bread,0.04,SVO,2.095461844238321764490796381925223500,1.72192809488736224293643881328390140,2.515839626292911305941586447659134500,0.373533749350959521554357568641322100,0.3784940373976695787919374349151230100
mallory eat bread,0.04,SOV,2.095461844238321764490796381925223500,0.0,2.515839626292911305941586447659134500,2.095461844238321764490796381925223500,0.500000000000000000000000000000000025
mallory eat bread,0.04,VSO,3.592949440895038325674491665996100580,1.72192809488736224293643881328390140,1.018352029636194744757891163588257420,1.871021346007676082738052852712199180,0.168742533053620283935316447104380375
mallory eat bread,0.04,VOS,3.592949440895038325674491665996100580,0.721928094887362271790339631063170080,1.018352029636194744757891163588257420,2.871021346007676053884152034932930500,0.433908148606773086891677441073933325
mallory eat bread,0.04,OVS,0.721928094887362271790339631063170080,0.721928094887362271790339631063170080,3.889373375643870798642043198521187920,0E-36,0.765165615553152802956360993969552975
mallory eat bread,0.04,OSV,0.721928094887362271790339631063170080,0.0,3.889373375643870798642043198521187920,0.721928094887362271790339631063170080,0.765165615553152802956360993969552975
mallory eat cake,0.01,SVO,2.095461844238321764490796381925223500,1.72192809488736224293643881328390140,2.515839626292911305941586447659134500,0.373533749350959521554357568641322100,0.3784940373976695787919374349151230100
mallory eat cake,0.01,SOV,2.095461844238321764490796381925223500,0.0,2.515839626292911305941586447659134500,2.095461844238321764490796381925223500,0.500000000000000000000000000000000025
mallory eat cake,0.01,VSO,3.592949440895038325674491665996100580,1.72192809488736224293643881328390140,1.018352029636194744757891163588257420,1.871021346007676082738052852712199180,0.168742533053620283935316447104380375
mallory eat cake,0.01,VOS,3.592949440895038325674491665996100580,1.75271527897970491565636559224484471361736099091839732325232966440440,1.018352029636194744757891163588257420,1.84023416191533341001812607375125586638263900908160267674767033559560,0.168742533053620283935316447104380375
mallory eat cake,0.01,OVS,1.75271527897970491565636559224484471361736099091839732325232966440440,1.75271527897970491565636559224484471361736099091839732325232966440440,2.85858619155152815477601723733951328638263900908160267674767033559560,0E-68,0.500000000000000000000000000000000025
mallory eat cake,0.01,OSV,1.75271527897970491565636559224484471361736099091839732325232966440440,0.0,2.85858619155152815477601723733951328638263900908160267674767033559560,1.75271527897970491565636559224484471361736099091839732325232966440440,0.500000000000000000000000000000000025
mallory eat rice,0.01,SVO,2.095461844238321764490796381925223500,1.72192809488736224293643881328390140,2.515839626292911305941586447659134500,0.373533749350959521554357568641322100,0.3784940373976695787919374349151230100
mallory eat rice,0.01,SOV,2.095461844238321764490796381925223500,0.0,2.515839626292911305941586447659134500,2.095461844238321764490796381925223500,0.500000000000000000000000000000000025
mallory eat rice,0.01,VSO,3.592949440895038325674491665996100580,1.72192809488736224293643881328390140,1.018352029636194744757891163588257420,1.871021346007676082738052852712199180,0.168742533053620283935316447104380375
mallory eat rice,0.01,VOS,3.592949440895038325674491665996100580,1.993961544431619684903672317075026673999641669711445024298368697923840,1.018352029636194744757891163588257420,1.598987896463418640770819348921073906000358330288554975701631302076160,0.168742533053620283935316447104380450
mallory eat rice,0.01,OVS,1.993961544431619684903672317075026673999641669711445024298368697923840,1.993961544431619684903672317075026673999641669711445024298368697923840,2.617339926099613385528710512509331326000358330288554975701631302076160,0E-69,0.500000000000000000000000000000000025
mallory eat rice,0.01,OSV,1.993961544431619684903672317075026673999641669711445024298368697923840,0.0,2.617339926099613385528710512509331326000358330288554975701631302076160,1.993961544431619684903672317075026673999641669711445024298368697923840,0.500000000000000000000000000000000025
mallory drink cola,0.01,SVO,2.095461844238321764490796381925223500,0.468995593589281173514940761227398240,2.515839626292911305941586447659134500,1.626466250649040590975855620697825260,0.347441466388690127856374326074839625
mallory drink cola,0.01,SOV,2.095461844238321764490796381925223500,0.0,2.515839626292911305941586447659134500,2.095461844238321764490796381925223500,0.500000000000000000000000000000000025
mallory drink cola,0.01,VSO,3.629653500167427662264599658942491980,0.468995593589281173514940761227398240,0.981647970363805408167783170641866020,3.160657906578146488749658897715093740,0.528123381254673551524976476369802550
mallory drink cola,0.01,VOS,3.629653500167427662264599658942491980,2.125814583693911513168777434712478256601499971153745613164471889668400,0.981647970363805408167783170641866020,1.503838916473516149095822224230013723398500028846254386835528110331600,0.191501498203612093410554751724354500
mallory drink cola,0.01,OVS,2.125814583693911513168777434712478256601499971153745613164471889668400,2.125814583693911513168777434712478256601499971153745613164471889668400,2.485486886837321557263605394871879743398500028846254386835528110331600,0E-69,0.500000000000000000000000000000000025
mallory drink cola,0.01,OSV,2.125814583693911513168777434712478256601499971153745613164471889668400,0.0,2.485486886837321557263605394871879743398500028846254386835528110331600,2.125814583693911513168777434712478256601499971153745613164471889668400,0.500000000000000000000000000000000025
mallory drink juice,0.09,SVO,2.095461844238321764490796381925223500,0.468995593589281173514940761227398240,2.515839626292911305941586447659134500,1.626466250649040590975855620697825260,0.347441466388690127856374326074839625
mallory drink juice,0.09,SOV,2.095461844238321764490796381925223500,0.0,2.515839626292911305941586447659134500,2.095461844238321764490796381925223500,0.500000000000000000000000000000000025
mallory drink juice,0.09,VSO,3.629653500167427662264599658942491980,0.468995593589281173514940761227398240,0.981647970363805408167783170641866020,3.160657906578146488749658897715093740,0.528123381254673551524976476369802550
mallory drink juice,0.09,VOS,3.629653500167427662264599658942491980,1.287054028118727030107589787075663707953527847930520994303388845480840,0.981647970363805408167783170641866020,2.342599472048700632157009871866828272046472152069479005696611154519160,0.262018972415664090118881847390381650
mallory drink juice,0.09,OVS,1.287054028118727030107589787075663707953527847930520994303388845480840,1.287054028118727030107589787075663707953527847930520994303388845480840,3.324247442412506040324793042508694292046472152069479005696611154519160,0E-69,0.581337057549680666450279697095418675
mallory drink juice,0.09,OSV,1.287054028118727030107589787075663707953527847930520994303388845480840,0.0,3.324247442412506040324793042508694292046472152069479005696611154519160,1.287054028118727030107589787075663707953527847930520994303388845480840,0.581337057549680666450279697095418675
trent eat apple,0.02,SVO,2.563865121950854066995832593879698550,1.156779649447039512093928776120406930,2.047436348580379003436550235704659450,1.407085472503814554901903817759291620,0.166006016413575338011678896190590900
trent eat apple,0.02,SOV,2.563865121950854066995832593879698550,0.0,2.047436348580379003436550235704659450,2.563865121950854066995832593879698550,0.500000000000000000000000000000000025
trent eat apple,0.02,VSO,3.592949440895038325674491665996100580,1.156779649447039512093928776120406930,1.018352029636194744757891163588257420,2.436169791447998813580562889875693650,0.292456253516432802566683406287917825
trent eat apple,0.02,VOS,3.592949440895038325674491665996100580,1.88431352779979892171142357107099489644722964569637419288858132193060,1.018352029636194744757891163588257420,1.70863591309523940396306809492510568355277035430362580711141867806940,0.168742533053620283935316447104380450
trent eat apple,0.02,OVS,1.88431352779979892171142357107099489644722964569637419288858132193060,1.88431352779979892171142357107099489644722964569637419288858132193060,2.72698794273143414872095925851336310355277035430362580711141867806940,0E-68,0.500000000000000000000000000000000025
trent eat apple,0.02,OSV,1.88431352779979892171142357107099489644722964569637419288858132193060,0.0,2.72698794273143414872095925851336310355277035430362580711141867806940,1.88431352779979892171142357107099489644722964569637419288858132193060,0.500000000000000000000000000000000025
trent eat cake,0.01,SVO,2.563865121950854066995832593879698550,1.156779649447039512093928776120406930,2.047436348580379003436550235704659450,1.407085472503814554901903817759291620,0.166006016413575338011678896190590900
trent eat cake,0.01,SOV,2.563865121950854066995832593879698550,0.0,2.047436348580379003436550235704659450,2.563865121950854066995832593879698550,0.500000000000000000000000000000000025
trent eat cake,0.01,VSO,3.592949440895038325674491665996100580,1.156779649447039512093928776120406930,1.018352029636194744757891163588257420,2.436169791447998813580562889875693650,0.292456253516432802566683406287917825
trent eat cake,0.01,VOS,3.592949440895038325674491665996100580,1.75271527897970491565636559224484471361736099091839732325232966440440,1.018352029636194744757891163588257420,1.84023416191533341001812607375125586638263900908160267674767033559560,0.168742533053620283935316447104380375
trent eat cake,0.01,OVS,1.75271527897970491565636559224484471361736099091839732325232966440440,1.75271527897970491565636559224484471361736099091839732325232966440440,2.85858619155152815477601723733951328638263900908160267674767033559560,0E-68,0.500000000000000000000000000000000025
trent eat cake,0.01,OSV,1.75271527897970491565636559224484471361736099091839732325232966440440,0.0,2.85858619155152815477601723733951328638263900908160267674767033559560,1.75271527897970491565636559224484471361736099091839732325232966440440,0.500000000000000000000000000000000025
trent eat rice,0.07,SVO,2.563865121950854066995832593879698550,1.156779649447039512093928776120406930,2.047436348580379003436550235704659450,1.407085472503814554901903817759291620,0.166006016413575338011678896190590900
trent eat rice,0.07,SOV,2.563865121950854066995832593879698550,0.0,2.047436348580379003436550235704659450,2.563865121950854066995832593879698550,0.500000000000000000000000000000000025
trent eat rice,0.07,VSO,3.592949440895038325674491665996100580,1.156779649447039512093928776120406930,1.018352029636194744757891163588257420,2.436169791447998813580562889875693650,0.292456253516432802566683406287917825
trent eat rice,0.07,VOS,3.592949440895038325674491665996100580,1.993961544431619684903672317075026673999641669711445024298368697923840,1.018352029636194744757891163588257420,1.598987896463418640770819348921073906000358330288554975701631302076160,0.168742533053620283935316447104380450
trent eat rice,0.07,OVS,1.993961544431619684903672317075026673999641669711445024298368697923840,1.993961544431619684903672317075026673999641669711445024298368697923840,2.617339926099613385528710512509331326000358330288554975701631302076160,0E-69,0.500000000000000000000000000000000025
trent eat rice,0.07,OSV,1.993961544431619684903672317075026673999641669711445024298368697923840,0.0,2.617339926099613385528710512509331326000358330288554975701631302076160,1.993961544431619684903672317075026673999641669711445024298368697923840,0.500000000000000000000000000000000025
trent drink coffee,0.02,SVO,2.563865121950854066995832593879698550,1.97095059445466871567291406942161340,2.047436348580379003436550235704659450,0.592914527496185351322918524458085150,0.307132151968840968472378152096196875
trent drink coffee,0.02,SOV,2.563865121950854066995832593879698550,0.0,2.047436348580379003436550235704659450,2.563865121950854066995832593879698550,0.500000000000000000000000000000000025
trent drink coffee,0.02,VSO,3.629653500167427662264599658942491980,1.97095059445466871567291406942161340,0.981647970363805408167783170641866020,1.658702905712758946591685589520878580,0.180681914865983423668602150294963075
trent drink coffee,0.02,VOS,3.629653500167427662264599658942491980,1.77832835373141156487748500215834434380745648117249468037952051047710,0.981647970363805408167783170641866020,1.85132514643601609738711465678414763619254351882750531962047948952290,0.180681914865983423668602150294963000
trent drink coffee,0.02,OVS,1.77832835373141156487748500215834434380745648117249468037952051047710,1.77832835373141156487748500215834434380745648117249468037952051047710,2.83297311679982150555489782742601365619254351882750531962047948952290,0E-68,0.500000000000000000000000000000000025
trent drink coffee,0.02,OSV,1.77832835373141156487748500215834434380745648117249468037952051047710,0.0,2.83297311679982150555489782742601365619254351882750531962047948952290,1.77832835373141156487748500215834434380745648117249468037952051047710,0.500000000000000000000000000000000025
trent drink cola,0.03,SVO,2.563865121950854066995832593879698550,1.97095059445466871567291406942161340,2.047436348580379003436550235704659450,0.592914527496185351322918524458085150,0.307132151968840968472378152096196875
trent drink cola,0.03,SOV,2.563865121950854066995832593879698550,0.0,2.047436348580379003436550235704659450,2.563865121950854066995832593879698550,0.500000000000000000000000000000000025
trent drink cola,0.03,VSO,3.629653500167427662264599658942491980,1.97095059445466871567291406942161340,0.981647970363805408167783170641866020,1.658702905712758946591685589520878580,0.180681914865983423668602150294963075
trent drink cola,0.03,VOS,3.629653500167427662264599658942491980,2.125814583693911513168777434712478256601499971153745613164471889668400,0.981647970363805408167783170641866020,1.503838916473516149095822224230013723398500028846254386835528110331600,0.191501498203612093410554751724354500
trent drink cola,0.03,OVS,2.125814583693911513168777434712478256601499971153745613164471889668400,2.125814583693911513168777434712478256601499971153745613164471889668400,2.485486886837321557263605394871879743398500028846254386835528110331600,0E-69,0.500000000000000000000000000000000025
trent drink cola,0.03,OSV,2.125814583693911513168777434712478256601499971153745613164471889668400,0.0,2.485486886837321557263605394871879743398500028846254386835528110331600,2.125814583693911513168777434712478256601499971153745613164471889668400,0.500000000000000000000000000000000025
trent drink juice,0.03,SVO,2.563865121950854066995832593879698550,1.97095059445466871567291406942161340,2.047436348580379003436550235704659450,0.592914527496185351322918524458085150,0.307132151968840968472378152096196875
trent drink juice,0.03,SOV,2.563865121950854066995832593879698550,0.0,2.047436348580379003436550235704659450,2.563865121950854066995832593879698550,0.500000000000000000000000000000000025
trent drink juice,0.03,VSO,3.629653500167427662264599658942491980,1.97095059445466871567291406942161340,0.981647970363805408167783170641866020,1.658702905712758946591685589520878580,0.180681914865983423668602150294963075
trent drink juice,0.03,VOS,3.629653500167427662264599658942491980,1.287054028118727030107589787075663707953527847930520994303388845480840,0.981647970363805408167783170641866020,2.342599472048700632157009871866828272046472152069479005696611154519160,0.262018972415664090118881847390381650
trent drink juice,0.03,OVS,1.287054028118727030107589787075663707953527847930520994303388845480840,1.287054028118727030107589787075663707953527847930520994303388845480840,3.324247442412506040324793042508694292046472152069479005696611154519160,0E-69,0.581337057549680666450279697095418675
trent drink juice,0.03,OSV,1.287054028118727030107589787075663707953527847930520994303388845480840,0.0,3.324247442412506040324793042508694292046472152069479005696611154519160,1.287054028118727030107589787075663707953527847930520994303388845480840,0.581337057549680666450279697095418675
trent drink water,0.02,SVO,2.563865121950854066995832593879698550,1.97095059445466871567291406942161340,2.047436348580379003436550235704659450,0.592914527496185351322918524458085150,0.307132151968840968472378152096196875
trent drink water,0.02,SOV,2.563865121950854066995832593879698550,0.0,2.047436348580379003436550235704659450,2.563865121950854066995832593879698550,0.500000000000000000000000000000000025
trent drink water,0.02,VSO,3.629653500167427662264599658942491980,1.97095059445466871567291406942161340,0.981647970363805408167783170641866020,1.658702905712758946591685589520878580,0.180681914865983423668602150294963075
trent drink water,0.02,VOS,3.629653500167427662264599658942491980,1.370950594454668629111211616083807540,0.981647970363805408167783170641866020,2.258702905712759033153388042858684440,0.234728444934836694160735245380373825
trent drink water,0.02,OVS,1.370950594454668629111211616083807540,1.370950594454668629111211616083807540,3.240350876076564441321171213500550460,0E-36,0.554046530068853270492133095085410775
trent drink water,0.02,OSV,1.370950594454668629111211616083807540,0.0,3.240350876076564441321171213500550460,1.370950594454668629111211616083807540,0.554046530068853270492133095085410775
